{"count":1,"self":2174.88384,"total":35659.545941799995,"children":{"InitializeActuators":{"count":70,"self":0.0009998,"total":0.0009998,"children":null},"InitializeSensors":{"count":70,"self":0.0010007,"total":0.0010007,"children":null},"AgentSendState":{"count":1744601,"self":29.6781856,"total":173.2041521,"children":{"CollectObservations":{"count":24424470,"self":41.7346304,"total":41.7346317,"children":null},"WriteActionMask":{"count":24424470,"self":4.6726035999999995,"total":4.6726035999999995,"children":null},"RequestDecision":{"count":24424470,"self":26.1320992,"total":97.118732299999991,"children":{"AgentInfo.ToProto":{"count":24424470,"self":22.6789104,"total":70.9866328,"children":{"GenerateSensorData":{"count":24424470,"self":48.3077216,"total":48.3077228,"children":null}}}}}}},"DecideAction":{"count":1744601,"self":32610.605465599998,"total":32610.604824799997,"children":null},"AgentAct":{"count":1744601,"self":700.0181248,"total":700.8352246,"children":{"AgentInfo.ToProto":{"count":89004,"self":0.32397149999999997,"total":0.8170801,"children":{"GenerateSensorData":{"count":89004,"self":0.49310859999999995,"total":0.49310859999999995,"children":null}}}}},"AgentInfo.ToProto":{"count":1470,"self":0.0060038,"total":0.0149985,"children":{"GenerateSensorData":{"count":1470,"self":0.0089947,"total":0.0089947,"children":null}}}},"gauges":{"EggRace.CumulativeReward":{"count":90474,"max":9.9948,"min":-5.20000362,"runningAverage":-3.79286623,"value":-0.200203389,"weightedAverage":-3.36634517}},"metadata":{"timer_format_version":"0.1.0","start_time_seconds":"1669341858","unity_version":"2021.3.11f1","command_line_arguments":"C:\\Program Files\\Unity\\Hub\\Editor\\2021.3.11f1\\Editor\\Unity.exe -projectpath G:\/College\/Animação computadorizada\/AnimacaoComputadorizadaRepository\/AnimacaoComputadorizada\/MachineLearningProj -useHub -hubIPC -cloudEnvironment production -hubSessionId d84af320-6bfa-11ed-891a-a1f2592cf1e8 -accessToken WxfgXlHbG-nJUB0X8t_tnFFmsZ34f1GC_S95i_XDO84004f","communication_protocol_version":"1.5.0","com.unity.ml-agents_version":"2.2.1-exp.1","scene_name":"EggRace","end_time_seconds":"1669377518"}}