{"count":1,"self":1306.6386432,"total":29319.157307999998,"children":{"InitializeActuators":{"count":78,"self":0.0009745,"total":0.0009745,"children":null},"InitializeSensors":{"count":78,"self":0.0010002,"total":0.0010002,"children":null},"AgentSendState":{"count":1084951,"self":19.379523199999998,"total":115.17386239999999,"children":{"CollectObservations":{"count":16925298,"self":27.4116608,"total":27.4116622,"children":null},"WriteActionMask":{"count":16925298,"self":2.5357874,"total":2.5357874,"children":null},"RequestDecision":{"count":16925298,"self":18.124935999999998,"total":65.8468895,"children":{"AgentInfo.ToProto":{"count":16925298,"self":15.2573376,"total":47.7219529,"children":{"GenerateSensorData":{"count":16925298,"self":32.464614399999995,"total":32.464616,"children":null}}}}}}},"DecideAction":{"count":1084951,"self":27418.1554176,"total":27418.1553111,"children":null},"AgentAct":{"count":1084951,"self":478.61375999999996,"total":479.1586352,"children":{"AgentInfo.ToProto":{"count":56241,"self":0.20526899999999998,"total":0.5448732,"children":{"GenerateSensorData":{"count":56241,"self":0.33960419999999997,"total":0.33960419999999997,"children":null}}}}},"AgentInfo.ToProto":{"count":1839,"self":0.0078967,"total":0.0268505,"children":{"GenerateSensorData":{"count":1839,"self":0.0189538,"total":0.0189538,"children":null}}}},"gauges":{"EggRace.CumulativeReward":{"count":58080,"max":9.9924,"min":-5.20000362,"runningAverage":-3.54383087,"value":-5.0026,"weightedAverage":-3.70508957}},"metadata":{"timer_format_version":"0.1.0","start_time_seconds":"1669477120","unity_version":"2021.3.11f1","command_line_arguments":"C:\\Program Files\\Unity\\Hub\\Editor\\2021.3.11f1\\Editor\\Unity.exe -projectpath G:\/College\/Animação computadorizada\/AnimacaoComputadorizadaRepository\/AnimacaoComputadorizada\/MachineLearningProj -useHub -hubIPC -cloudEnvironment production -hubSessionId 06cabbb0-6d34-11ed-b961-29908126f39b -accessToken 0G8u-m4BfQ7gHWE4YmFPboCmailNea7PBpY6CGKzi5k004f","communication_protocol_version":"1.5.0","com.unity.ml-agents_version":"2.2.1-exp.1","scene_name":"EggRace","end_time_seconds":"1669506440"}}